-- MySQL dump 10.13  Distrib 5.1.41, for debian-linux-gnu (i486)
--
-- Host: localhost    Database: mini_wow
-- ------------------------------------------------------
-- Server version	5.1.41-3ubuntu12.8

/*!40101 SET @OLD_CHARACTER_SET_CLIENT=@@CHARACTER_SET_CLIENT */;
/*!40101 SET @OLD_CHARACTER_SET_RESULTS=@@CHARACTER_SET_RESULTS */;
/*!40101 SET @OLD_COLLATION_CONNECTION=@@COLLATION_CONNECTION */;
/*!40101 SET NAMES utf8 */;
/*!40103 SET @OLD_TIME_ZONE=@@TIME_ZONE */;
/*!40103 SET TIME_ZONE='+00:00' */;
/*!40014 SET @OLD_UNIQUE_CHECKS=@@UNIQUE_CHECKS, UNIQUE_CHECKS=0 */;
/*!40014 SET @OLD_FOREIGN_KEY_CHECKS=@@FOREIGN_KEY_CHECKS, FOREIGN_KEY_CHECKS=0 */;
/*!40101 SET @OLD_SQL_MODE=@@SQL_MODE, SQL_MODE='NO_AUTO_VALUE_ON_ZERO' */;
/*!40111 SET @OLD_SQL_NOTES=@@SQL_NOTES, SQL_NOTES=0 */;

--
-- Table structure for table `boss`
--

DROP TABLE IF EXISTS `boss`;
/*!40101 SET @saved_cs_client     = @@character_set_client */;
/*!40101 SET character_set_client = utf8 */;
CREATE TABLE `boss` (
  `id` int(10) unsigned NOT NULL AUTO_INCREMENT,
  `undercity_id` int(11) NOT NULL,
  `boss_name` varchar(128) NOT NULL,
  `boss_description` text NOT NULL,
  `boss_attrs` text NOT NULL,
  PRIMARY KEY (`id`),
  KEY `undercity_id` (`undercity_id`)
) ENGINE=MyISAM AUTO_INCREMENT=15 DEFAULT CHARSET=utf8;
/*!40101 SET character_set_client = @saved_cs_client */;

--
-- Dumping data for table `boss`
--

LOCK TABLES `boss` WRITE;
/*!40000 ALTER TABLE `boss` DISABLE KEYS */;
INSERT INTO `boss` VALUES (1,1,'é«˜é˜¶ç£å†›çº³å› å›¾æ–¯','ä¸€å·BOSS',''),(2,1,'è‹æ™®é›·å§†æ–¯','äºŒå·BOSS',''),(3,1,'é˜¿å¡çŽ›ä¹‹å½±','ä¸‰å·BOSS',''),(4,1,'å¤å°”å›¾æ ¼&middot;è¡€æ²¸','å››å·BOSS',''),(5,1,'å¡”éš†&middot;è¡€é­”','äº”å·BOSS',''),(6,1,'çµé­‚ç²¾åŽ','å…­å·BOSS',''),(7,1,'èŽŽèµ«æ‹‰ä¸ä¸»æ¯','ä¸ƒå·BOSS',''),(8,1,'ä¼Šåˆ©è¾¾é›·è®®ä¼š','å…«å·BOSS',''),(9,1,'ä¼Šåˆ©ä¸¹&middot;æ€’é£Ž','æœ€ç»ˆBOSS',''),(10,3,'é›·åŸº&middot;å†¬å¯’','ä¸€å·BOSS',''),(11,3,'å®‰çº³å¡žéš†','äºŒå·BOSS',''),(12,3,'å¡å…¹æ´›åŠ ','ä¸‰å·BOSS',''),(13,3,'é˜¿å…¹åŠ æ´›','å››å·BOSS',''),(14,3,'é˜¿å…‹è’™å¾·','æœ€ç»ˆBOSS','');
/*!40000 ALTER TABLE `boss` ENABLE KEYS */;
UNLOCK TABLES;

--
-- Table structure for table `equipment`
--

DROP TABLE IF EXISTS `equipment`;
/*!40101 SET @saved_cs_client     = @@character_set_client */;
/*!40101 SET character_set_client = utf8 */;
CREATE TABLE `equipment` (
  `id` int(10) unsigned NOT NULL AUTO_INCREMENT,
  `eq_name` varchar(128) NOT NULL,
  `eq_description` text NOT NULL,
  `eq_attrs` text NOT NULL,
  PRIMARY KEY (`id`)
) ENGINE=MyISAM AUTO_INCREMENT=191 DEFAULT CHARSET=utf8;
/*!40101 SET character_set_client = @saved_cs_client */;

--
-- Dumping data for table `equipment`
--

LOCK TABLES `equipment` WRITE;
/*!40000 ALTER TABLE `equipment` DISABLE KEYS */;
INSERT INTO `equipment` VALUES (1,'å…¬æ­£å¾½ç« ','',''),(2,'å”¤æµ·è€…ä¾¿éž‹','',''),(3,'å›¾æ ·ï¼šæ•é”æ€ç»´æŠ¤è…•','',''),(4,'å›¾æ ·ï¼šæ•é”æ€ç»´è¡¬è‚©','',''),(5,'å›¾æ ·ï¼šæ–°ç”ŸæŠ¤è…•','',''),(6,'å›¾æ ·ï¼šç”Ÿå‘½ä¹‹åœ°æŠ¤è…•','',''),(7,'å›¾æ ·ï¼šè¿…æ·æ‰“å‡»æŠ¤è‚©','',''),(8,'å›¾æ ·ï¼šè¿…æ·æ²»ç–—è¡¬è‚©','',''),(9,'å›¾æ ·ï¼šé—ªç”µåå°„æŠ¤è‚©','',''),(10,'å¤§æ¼©æ¶¡ä¹‹æ€’','',''),(11,'æ’é‡‘å¤–å£³æŠ¤è…•','',''),(12,'æµ·æ´‹ä¹‹æ€’é•¿é´','',''),(13,'æµ·æ½®æ½œä¼è€…ä¹‹å¸½','',''),(14,'æ¶¨æ½®','',''),(15,'çç é•¶é¥°é•¿é´','',''),(16,'ç©†åº“ä¹‹æ‹³','',''),(17,'ç¼“æµå¤´ç›”','',''),(18,'è’èŠœä¹‹æˆŸ','',''),(19,'è®¾è®¡å›¾ï¼šæ™¨é’¢æŠ¤è…•','',''),(20,'è®¾è®¡å›¾ï¼šè¿…é’¢æŠ¤è‚©','',''),(21,'è®¾è®¡å›¾ï¼šè¿…é’¢æŠ¤è…•','',''),(22,'è¸æ½®è€…èƒ«ç”²','',''),(23,'é™æµªä¹‹æˆ’','',''),(24,'é£Žæš´æŽŒæŽ§ä¹‹æˆ’','',''),(25,'é»‘æš—æŠ¤è‚©','',''),(26,'å†›å›¢æ€æ‰‹','',''),(27,'å›¾æ ·ï¼šæ–°ç”ŸæŠ¤è‚©','',''),(28,'å›¾æ ·ï¼šç”Ÿå‘½ä¹‹åœ°æŠ¤è‚©','',''),(29,'æ— å°½æ¢¦é­‡é¡¹åœˆ','',''),(30,'æ— å°½è…°å¸¦','',''),(31,'æ®‹é…·è€…','',''),(32,'æ·±æ¸Šæ„¤æ€’è‚©é“ ','',''),(33,'æ·±æ¸Šé¢†ä¸»æŒ‡çŽ¯','',''),(34,'ç™½é¹¿ç¥žåƒ','',''),(35,'ç²¾å‡†è…•ç”²','',''),(36,'çº³æ–¯é›·å…¹å§†å¸è¡€è€…','',''),(37,'è‡ªç„¶åº‡æŠ¤è…°å¸¦','',''),(38,'è™šç©ºæš—å½±å¤–å¥—','',''),(39,'é£Žæš´é™ä¸´æŠ¤è…•','',''),(40,'é­”çŸ³å£åž’','',''),(41,'ä¸æœ½è‡ªç„¶è¤¶è£™','',''),(42,'ä¾ä»Žæˆ˜é´','',''),(43,'æ‰§æ”¿å®˜æŠ¤è…¿','',''),(44,'æœå¯»è€…çš„è…•ç”²','',''),(45,'æš—å½±è¡Œè€…è…°å¸¦','',''),(46,'æ¬ºè¯ˆæŒ‡çŽ¯','',''),(47,'æ²‰é»˜çš„å…¬æ­£','',''),(48,'æ³•åŠ›èšç„¦æŠ¤è…•','',''),(49,'çµé­‚è¡Œè€…æŠ¤æ‰‹','',''),(50,'ç›²çœ¼å…ˆçŸ¥åœ£åƒ','',''),(51,'ç¥žåœ£æ„ŸåŒ–æŠ¤è…•','',''),(52,'è€€çœ¼å…‰èŠ’è‚©é¥°','',''),(53,'é—ªç«è…°å¸¦','',''),(54,'éšè—çŒŽæ‰‹æŠ¤è‚©','',''),(55,'å‡¶çŒ›è¿›æ”»æŒ‡çŽ¯','',''),(56,'åŽŸå§‹çŽ‹æƒè…°å¸¦','',''),(57,'å‘½è¿çš„ä¿¡ä½¿','',''),(58,'åšå®šæ„å¿—æŸå¸¦','',''),(59,'å®Œç¾Žæ¢å¤æ³•æ–','',''),(60,'å®½æ•æŠ«é£Ž','',''),(61,'å½±æœˆå¾½è®°','',''),(62,'æ£±å…‰èšç„¦é­”æ–','',''),(63,'ç¥žåœ£æƒ©æˆ’æŠ¤è…¿','',''),(64,'ç¨³å›ºè…°å¸¦','',''),(65,'èŠ‚åˆ¶é•¿è¢','',''),(66,'è¡€å’’æŠ¤è‚©','',''),(67,'è¿…ç–¾çªè¢­å¤–å¥—','',''),(68,'ä»æ…ˆå…œå¸½','',''),(69,'å…ˆç¥–æŒ‡å¼•å›¾è…¾','',''),(70,'åšéŸ§å«å£«ç«æžª','',''),(71,'å¼ºåˆ¶æŠ¤æ‰‹','',''),(72,'å½±æœˆæ¯ç­è€…æ–—ç¯·','',''),(73,'æš—å½±è®®ä¼šé•¿è¢','',''),(74,'æ¤ç‰©å­¦è€…çš„ç”Ÿé•¿æ‰‹å¥—','',''),(75,'æ´›ä¸¹ä¼¦äº¡è€…è…°å¸¦','',''),(76,'è¨æ‹‰å…‹çš„æ‰­æ›²é£žåˆ€','',''),(77,'è£‚é­‚','',''),(78,'è¿½è¸ªè½¯é´','',''),(79,'é˜´é™©æŠ¤è…•','',''),(80,'ä¸ç­ä¿¡ä»°æ‰‹å¥—','',''),(81,'å†›å›¢ææ€–æˆ˜é´','',''),(82,'å‘½è¿çš‡å† ','',''),(83,'æ³¢æµªæ²»æ„ˆæŠ¤è‚©','',''),(84,'æ³°å¦å é¥°','',''),(85,'çµæ„Ÿä¹‹è§¦','',''),(86,'çº³é²ç”Ÿå‘½é­”æ–','',''),(87,'è‡ªç„¶æŠ¤å«è€…ä¹‹é´','',''),(88,'è‰¾éœ²æ©ç¥žåŠ›æŠ¤è…•','',''),(89,'è¯…å’’ä¹‹æ¡','',''),(90,'è¯…å’’ç«ç‚¬','',''),(91,'é€æ˜Žé­”çº¿é¡¹é“¾','',''),(92,'éª¨çº¹æŸå¸¦','',''),(93,'å…‰æ˜Žä½¿è€…å®å…¸','',''),(94,'å´©åæŠ¤è…¿','',''),(95,'æš—å½±ä¸»å®°ä¹‹é´','',''),(96,'çº³è’‚å¨œçš„çº¯æ´å é¥°','',''),(97,'è£‚å¿ƒèƒ¸é“ ','',''),(98,'é—å¿˜ä¿å«è€…çš„æŠ¤è‚©','',''),(99,'é—å¿˜å¾æœè€…çš„æŠ¤è‚©','',''),(100,'é—å¿˜èƒœåˆ©è€…çš„æŠ¤è‚©','',''),(101,'é‡Žè›®ä¹‹åˆƒ','',''),(102,'é—å¿˜ä¿å«è€…çš„æŠ¤è…¿','',''),(103,'é—å¿˜å¾æœè€…çš„æŠ¤è…¿','',''),(104,'é—å¿˜èƒœåˆ©è€…çš„æŠ¤è…¿','',''),(105,'åŸƒè¾›è¯ºæ–¯æˆ˜åˆƒ','',''),(106,'ä¸Šå±‚ç²¾çµæ–—ç¯·','',''),(107,'ä¼Šåˆ©è¾¾é›·å¤§é¢†ä¸»å…œå¸½','',''),(108,'å¡æ‹‰æ³¢æ°´æ™¶ä¹‹å¡”','',''),(109,'å¤å°”ä¸¹ä¹‹é¢…','',''),(110,'å›¾æ ·ï¼šè¿…æ·æ²»ç–—æŠ¤è…•','',''),(111,'åŸƒè¾›è¯ºæ–¯å£åž’','',''),(112,'åŸƒè¾›è¯ºæ–¯ç¢Žç‰‡','',''),(113,'æ€’é£Žå¾½è®°ä¹‹æˆ’','',''),(114,'æ‰Žå°”æœå§†ï¼Œåžå™¬è€…çš„æ³•æ–','',''),(115,'æ³°å…°å¾·çš„è®°å¿†','',''),(116,'èƒŒå›è€…çš„é»‘æš—ä¹‹å¼“','',''),(117,'è¨æ ¼æ‹‰æ–¯çš„è¯…å’’è§†ç•Œ','',''),(118,'é—å¿˜ä¿å«è€…çš„èƒ¸ç”²','',''),(119,'é—å¿˜å¾æœè€…çš„èƒ¸ç”²','',''),(120,'é—å¿˜èƒœåˆ©è€…çš„èƒ¸ç”²','',''),(121,'é“å£é¢ç”²','',''),(122,'åšŽé£ŽæŠ¤è…•','',''),(123,'å›žæ˜¥æŠ¤è…•','',''),(124,'å›¾é‰´ï¼šå·¨åž‹ç‹®çœ¼çŸ³','',''),(125,'å›¾é‰´ï¼šç‹¡è¯ˆå½±æ­Œç´«çŽ‰','',''),(126,'å›¾é‰´ï¼šç§˜æ³•ç‹®çœ¼çŸ³','',''),(127,'å›¾é‰´ï¼šç»Ÿå¾¡å½±æ­Œç´«çŽ‰','',''),(128,'å›¾é‰´ï¼šé“­æ–‡ç„šçŸ³','',''),(129,'å›¾é‰´ï¼šé—ªå…‰èµ¤å°–çŸ³','',''),(130,'å›¾é‰´ï¼šéšç§˜ç„šçŸ³','',''),(131,'å›¾é‰´ï¼šé£Žæš´å¤©è“å®çŸ³','',''),(132,'å¯»è·¯è€…æŠ¤è…•','',''),(133,'å´©åè…•ç”²','',''),(134,'æŸ“è¡€è‚©é“ ','',''),(135,'æ­¢æ°´é•¿é´','',''),(136,'æ®‰éš¾æŠ¤è…•','',''),(137,'ç‹‚æš´é•£é“','',''),(138,'ç¥žåœ£ç²¾é‡‘æŠ¤è…•','',''),(139,'è‡´å‘½è…•ç”²','',''),(140,'è¿½è¸ªåŒ•é¦–','',''),(141,'é»‘æš—ç§˜å¯†ç¼–å¹´å²','',''),(142,'æ—¶å…‰æŠ¤ç¬¦åŒ£','',''),(143,'ä¸è´¥çš„æ„å¿—','',''),(144,'åœ£å…‰å£åž’','',''),(145,'å¤§ä¸»æ•™çš„ä¾¿éž‹','',''),(146,'å®‰çº³å¡žéš†çš„æŸç¼š','',''),(147,'æ€¨æ€’æŠ¤è‚©','',''),(148,'æ¶è¡Œä¹‹åˆƒ','',''),(149,'ç‹‚é‡Žä¹‹æŸ±','',''),(150,'ç–¾æ­¥é•¿é´','',''),(151,'é‡‘è‰²æ²»ç–—èƒ¸ç”²','',''),(152,'é—ªå…‰çš„é’¢é“æŠ¤è‚©','',''),(153,'é˜¿åŠ å¤šçš„è…°å¸¦','',''),(154,'é­”åŒ–çš®è´¨ä¾¿éž‹','',''),(155,'å…ƒç´ å¯¼èƒ½æŠ¤è…¿','',''),(156,'åˆ€é”‹æ€’ç«æŠ¤è‚©','',''),(157,'å¡å…¹æ´›åŠ ä¹‹å¿ƒ','',''),(158,'å®‰æ ¼èŽ‰ä¸å¡”çš„è…°å¸¦','',''),(159,'å³¡è°·çŒŽæ‰‹è…°å¸¦','',''),(160,'æ–°æœˆè…°å¸¦','',''),(161,'æ²¸è…¾æ€’ç«è…°å¸¦','',''),(162,'è“è‰²å±±ç¾Šçš®è½¯é´','',''),(163,'èµŽç½ªä¹‹é”¤','',''),(164,'é˜³ç‚Žé”é“¾æŠ¤è…¿','',''),(165,'é©¯å…½è€…æŠ¤è‚©','',''),(166,'é»‘ç¾½ä¹‹é´','',''),(167,'å¸Œæœ›æŸå¸¦','',''),(168,'å¼¯å¼“æŠ¤è…¿','',''),(169,'æ— å°½çš„ç—›è‹¦','',''),(170,'ç§˜å¯†å•†äººé•¿è£¤','',''),(171,'ç½—å¾·é‡Œæ ¼çš„é›¨è¡£','',''),(172,'é—å¿˜ä¿å«è€…çš„æ‰‹å¥—','',''),(173,'é—å¿˜å¾æœè€…çš„æ‰‹å¥—','',''),(174,'é—å¿˜èƒœåˆ©è€…çš„æ‰‹å¥—','',''),(175,'é˜²å¾¡è€…çš„è£è€€','',''),(176,'å‡€åŒ–èŠ‚æ–','',''),(177,'åˆå¤œèƒ¸ç”²','',''),(178,'å®‰ä¸œå°¼è¾¾æ–¯çš„ä¸“æ³¨çº¹ç« ç›¾','',''),(179,'æ•‘ä¸–èƒ¸é“ ','',''),(180,'æ— å°½æ€’æ°”è…¿ç”²','',''),(181,'æ°¸æ’æŠ¤è…¿','',''),(182,'æ··ä¹±é£Žæš´','',''),(183,'ç¾å˜ä¹‹åˆƒ','',''),(184,'ç‹‚çƒ­è¿½å‡»é”ç”²','',''),(185,'ç½—å®ä¹‹è¢','',''),(186,'é—å¿˜ä¿å«è€…çš„å¤´ç›”','',''),(187,'é—å¿˜å¾æœè€…çš„å¤´ç›”','',''),(188,'é—å¿˜èƒœåˆ©è€…çš„å¤´ç›”','',''),(189,'é—ªå‡»å¼ºå¼“','',''),(190,'é˜¿å¤æ–¯çš„ä½¿å¾’','','');
/*!40000 ALTER TABLE `equipment` ENABLE KEYS */;
UNLOCK TABLES;

--
-- Table structure for table `equipment_dropping`
--

DROP TABLE IF EXISTS `equipment_dropping`;
/*!40101 SET @saved_cs_client     = @@character_set_client */;
/*!40101 SET character_set_client = utf8 */;
CREATE TABLE `equipment_dropping` (
  `id` int(10) unsigned NOT NULL AUTO_INCREMENT,
  `boss_id` int(10) unsigned NOT NULL,
  `equipment_id` int(10) unsigned NOT NULL,
  `chance` double NOT NULL,
  PRIMARY KEY (`id`)
) ENGINE=MyISAM AUTO_INCREMENT=191 DEFAULT CHARSET=utf8;
/*!40101 SET character_set_client = @saved_cs_client */;

--
-- Dumping data for table `equipment_dropping`
--

LOCK TABLES `equipment_dropping` WRITE;
/*!40000 ALTER TABLE `equipment_dropping` DISABLE KEYS */;
INSERT INTO `equipment_dropping` VALUES (1,1,1,67.1),(2,1,2,15.4),(3,1,3,1.8),(4,1,4,0.1),(5,1,5,2),(6,1,6,1.8),(7,1,7,1.7),(8,1,8,1.6),(9,1,9,1.7),(10,1,10,15.6),(11,1,11,16.1),(12,1,12,6),(13,1,13,15.6),(14,1,14,15.7),(15,1,15,9.8),(16,1,16,16.3),(17,1,17,9.8),(18,1,18,16),(19,1,19,1.8),(20,1,20,1.8),(21,1,21,0.1),(22,1,22,6.8),(23,1,23,15.9),(24,1,24,15.7),(25,1,25,14.7),(26,2,26,15.9),(27,2,27,0.1),(28,2,28,0.1),(29,2,29,16.5),(30,2,30,15.6),(31,2,31,15),(32,2,32,16.1),(33,2,33,14.3),(34,2,34,15.4),(35,2,35,15.4),(36,2,36,16.5),(37,2,37,9.4),(38,2,38,14.1),(39,2,39,6.3),(40,2,40,15.3),(41,3,41,14.2),(42,3,42,15.9),(43,3,43,14.6),(44,3,44,8.1),(45,3,45,16.3),(46,3,46,15.8),(47,3,47,15.1),(48,3,48,14.9),(49,3,49,8.1),(50,3,50,14.7),(51,3,51,16.6),(52,3,52,15.3),(53,3,53,5.4),(54,3,54,16),(55,4,55,15.1),(56,4,56,14),(57,4,57,16.2),(58,4,58,8.3),(59,4,59,14.9),(60,4,60,15.6),(61,4,61,15.2),(62,4,62,14.5),(63,4,63,14.5),(64,4,64,15.2),(65,4,65,14.4),(66,4,66,14.6),(67,4,67,16.3),(68,5,68,17.5),(69,5,69,13),(70,5,70,14.8),(71,5,71,15.1),(72,5,72,16.4),(73,5,73,14.5),(74,5,74,16.9),(75,5,75,18.4),(76,5,76,10.8),(77,5,77,18),(78,5,78,15.9),(79,5,79,16.4),(80,6,80,16.3),(81,6,81,16.7),(82,6,82,16),(83,6,83,17.2),(84,6,84,15.3),(85,6,85,15.9),(86,6,86,14.6),(87,6,87,8.6),(88,6,88,8.3),(89,6,89,15.6),(90,6,90,16.6),(91,6,91,16),(92,6,92,15.8),(93,7,93,14.4),(94,7,94,15.8),(95,7,95,14.9),(96,7,96,14.6),(97,7,97,14.5),(98,7,98,76.4),(99,7,99,73.3),(100,7,100,74.8),(101,7,101,14.6),(102,8,102,32.5),(103,8,103,32.9),(104,8,104,34.8),(105,9,105,4.5),(106,9,106,15.9),(107,9,107,14.7),(108,9,108,15.8),(109,9,109,15.4),(110,9,110,0.1),(111,9,111,14),(112,9,112,16.1),(113,9,113,14.9),(114,9,114,14),(115,9,115,15),(116,9,116,15.2),(117,9,117,14.8),(118,9,118,74.4),(119,9,119,73.9),(120,9,120,74.6),(121,9,121,13.6),(122,10,122,13.9),(123,10,123,16.7),(124,10,124,2.2),(125,10,125,2.1),(126,10,126,2.4),(127,10,127,2.4),(128,10,128,2.3),(129,10,129,2.3),(130,10,130,1.8),(131,10,131,2.2),(132,10,132,14.6),(133,10,133,16.2),(134,10,134,15.2),(135,10,135,13.2),(136,10,136,16.7),(137,10,137,16.1),(138,10,138,15.3),(139,10,139,15.4),(140,10,140,14.3),(141,10,141,15.7),(142,10,142,8),(143,11,143,15.1),(144,11,144,15.1),(145,11,145,16.4),(146,11,146,15.4),(147,11,147,16.6),(148,11,148,15.6),(149,11,149,15.5),(150,11,150,15.9),(151,11,151,15.8),(152,11,152,16),(153,11,153,15.6),(154,11,154,15.4),(155,12,155,16.5),(156,12,156,17.2),(157,12,157,15.5),(158,12,158,15.6),(159,12,159,15.6),(160,12,160,9),(161,12,161,16.4),(162,12,162,16.8),(163,12,163,17.6),(164,12,164,15.1),(165,12,165,15.6),(166,12,166,14.8),(167,13,167,15.5),(168,13,168,14.7),(169,13,169,15.5),(170,13,170,15.8),(171,13,171,14.8),(172,13,172,72.1),(173,13,173,72.4),(174,13,174,72.6),(175,13,175,14.8),(176,14,176,15.1),(177,14,177,14.1),(178,14,178,15.4),(179,14,179,14.6),(180,14,180,14.6),(181,14,181,14.6),(182,14,182,13.9),(183,14,183,15.1),(184,14,184,13.9),(185,14,185,15.6),(186,14,186,70.6),(187,14,187,68.8),(188,14,188,71.9),(189,14,189,15.2),(190,14,190,14.8);
/*!40000 ALTER TABLE `equipment_dropping` ENABLE KEYS */;
UNLOCK TABLES;

--
-- Table structure for table `undercity`
--

DROP TABLE IF EXISTS `undercity`;
/*!40101 SET @saved_cs_client     = @@character_set_client */;
/*!40101 SET character_set_client = utf8 */;
CREATE TABLE `undercity` (
  `id` int(10) unsigned NOT NULL AUTO_INCREMENT,
  `uc_name` varchar(128) NOT NULL,
  `uc_description` text NOT NULL,
  PRIMARY KEY (`id`)
) ENGINE=MyISAM AUTO_INCREMENT=4 DEFAULT CHARSET=utf8;
/*!40101 SET character_set_client = @saved_cs_client */;

--
-- Dumping data for table `undercity`
--

LOCK TABLES `undercity` WRITE;
/*!40000 ALTER TABLE `undercity` DISABLE KEYS */;
INSERT INTO `undercity` VALUES (1,'é»‘æš—ç¥žæ®¿',''),(3,'æµ·åŠ å°”å³°','');
/*!40000 ALTER TABLE `undercity` ENABLE KEYS */;
UNLOCK TABLES;
/*!40103 SET TIME_ZONE=@OLD_TIME_ZONE */;

/*!40101 SET SQL_MODE=@OLD_SQL_MODE */;
/*!40014 SET FOREIGN_KEY_CHECKS=@OLD_FOREIGN_KEY_CHECKS */;
/*!40014 SET UNIQUE_CHECKS=@OLD_UNIQUE_CHECKS */;
/*!40101 SET CHARACTER_SET_CLIENT=@OLD_CHARACTER_SET_CLIENT */;
/*!40101 SET CHARACTER_SET_RESULTS=@OLD_CHARACTER_SET_RESULTS */;
/*!40101 SET COLLATION_CONNECTION=@OLD_COLLATION_CONNECTION */;
/*!40111 SET SQL_NOTES=@OLD_SQL_NOTES */;

-- Dump completed on 2011-01-31 12:37:16
