-- MySQL dump 10.13  Distrib 5.1.41, for debian-linux-gnu (i486)
--
-- Host: localhost    Database: mini_wow
-- ------------------------------------------------------
-- Server version	5.1.41-3ubuntu12.8

/*!40101 SET @OLD_CHARACTER_SET_CLIENT=@@CHARACTER_SET_CLIENT */;
/*!40101 SET @OLD_CHARACTER_SET_RESULTS=@@CHARACTER_SET_RESULTS */;
/*!40101 SET @OLD_COLLATION_CONNECTION=@@COLLATION_CONNECTION */;
/*!40101 SET NAMES utf8 */;
/*!40103 SET @OLD_TIME_ZONE=@@TIME_ZONE */;
/*!40103 SET TIME_ZONE='+00:00' */;
/*!40014 SET @OLD_UNIQUE_CHECKS=@@UNIQUE_CHECKS, UNIQUE_CHECKS=0 */;
/*!40014 SET @OLD_FOREIGN_KEY_CHECKS=@@FOREIGN_KEY_CHECKS, FOREIGN_KEY_CHECKS=0 */;
/*!40101 SET @OLD_SQL_MODE=@@SQL_MODE, SQL_MODE='NO_AUTO_VALUE_ON_ZERO' */;
/*!40111 SET @OLD_SQL_NOTES=@@SQL_NOTES, SQL_NOTES=0 */;

--
-- Table structure for table `boss`
--

DROP TABLE IF EXISTS `boss`;
/*!40101 SET @saved_cs_client     = @@character_set_client */;
/*!40101 SET character_set_client = utf8 */;
CREATE TABLE `boss` (
  `id` int(10) unsigned NOT NULL AUTO_INCREMENT,
  `undercity_id` int(11) NOT NULL,
  `boss_name` varchar(128) NOT NULL,
  `boss_description` text NOT NULL,
  `boss_attrs` text NOT NULL,
  PRIMARY KEY (`id`),
  KEY `undercity_id` (`undercity_id`)
) ENGINE=MyISAM AUTO_INCREMENT=15 DEFAULT CHARSET=utf8;
/*!40101 SET character_set_client = @saved_cs_client */;

--
-- Dumping data for table `boss`
--

LOCK TABLES `boss` WRITE;
/*!40000 ALTER TABLE `boss` DISABLE KEYS */;
INSERT INTO `boss` VALUES (1,1,'高阶督军纳因图斯','一号BOSS',''),(2,1,'苏普雷姆斯','二号BOSS',''),(3,1,'阿卡玛之影','三号BOSS',''),(4,1,'古尔图格&middot;血沸','四号BOSS',''),(5,1,'塔隆&middot;血魔','五号BOSS',''),(6,1,'灵魂精华','六号BOSS',''),(7,1,'莎赫拉丝主母','七号BOSS',''),(8,1,'伊利达雷议会','八号BOSS',''),(9,1,'伊利丹&middot;怒风','最终BOSS',''),(10,2,'雷基&middot;冬寒','一号BOSS',''),(11,2,'安纳塞隆','二号BOSS',''),(12,2,'卡兹洛加','三号BOSS',''),(13,2,'阿兹加洛','四号BOSS',''),(14,2,'阿克蒙德','最终BOSS','');
/*!40000 ALTER TABLE `boss` ENABLE KEYS */;
UNLOCK TABLES;

--
-- Table structure for table `equipment`
--

DROP TABLE IF EXISTS `equipment`;
/*!40101 SET @saved_cs_client     = @@character_set_client */;
/*!40101 SET character_set_client = utf8 */;
CREATE TABLE `equipment` (
  `id` int(10) unsigned NOT NULL AUTO_INCREMENT,
  `eq_name` varchar(128) NOT NULL,
  `eq_description` text NOT NULL,
  `eq_attrs` text NOT NULL,
  PRIMARY KEY (`id`)
) ENGINE=MyISAM AUTO_INCREMENT=191 DEFAULT CHARSET=utf8;
/*!40101 SET character_set_client = @saved_cs_client */;

--
-- Dumping data for table `equipment`
--

LOCK TABLES `equipment` WRITE;
/*!40000 ALTER TABLE `equipment` DISABLE KEYS */;
INSERT INTO `equipment` VALUES (1,'公正徽章','',''),(2,'唤海者便鞋','',''),(3,'图样：敏锐思维护腕','',''),(4,'图样：敏锐思维衬肩','',''),(5,'图样：新生护腕','',''),(6,'图样：生命之地护腕','',''),(7,'图样：迅捷打击护肩','',''),(8,'图样：迅捷治疗衬肩','',''),(9,'图样：闪电反射护肩','',''),(10,'大漩涡之怒','',''),(11,'恒金外壳护腕','',''),(12,'海洋之怒长靴','',''),(13,'海潮潜伏者之帽','',''),(14,'涨潮','',''),(15,'珍珠镶饰长靴','',''),(16,'穆库之拳','',''),(17,'缓流头盔','',''),(18,'荒芜之戟','',''),(19,'设计图：晨钢护腕','',''),(20,'设计图：迅钢护肩','',''),(21,'设计图：迅钢护腕','',''),(22,'踏潮者胫甲','',''),(23,'静浪之戒','',''),(24,'风暴掌控之戒','',''),(25,'黑暗护肩','',''),(26,'军团杀手','',''),(27,'图样：新生护肩','',''),(28,'图样：生命之地护肩','',''),(29,'无尽梦魇项圈','',''),(30,'无尽腰带','',''),(31,'残酷者','',''),(32,'深渊愤怒肩铠','',''),(33,'深渊领主指环','',''),(34,'白鹿神像','',''),(35,'精准腕甲','',''),(36,'纳斯雷兹姆吸血者','',''),(37,'自然庇护腰带','',''),(38,'虚空暗影外套','',''),(39,'风暴降临护腕','',''),(40,'魔石壁垒','',''),(41,'不朽自然褶裙','',''),(42,'侍从战靴','',''),(43,'执政官护腿','',''),(44,'搜寻者的腕甲','',''),(45,'暗影行者腰带','',''),(46,'欺诈指环','',''),(47,'沉默的公正','',''),(48,'法力聚焦护腕','',''),(49,'灵魂行者护手','',''),(50,'盲眼先知圣像','',''),(51,'神圣感化护腕','',''),(52,'耀眼光芒肩饰','',''),(53,'闪火腰带','',''),(54,'隐藏猎手护肩','',''),(55,'凶猛进攻指环','',''),(56,'原始王权腰带','',''),(57,'命运的信使','',''),(58,'坚定意志束带','',''),(59,'完美恢复法杖','',''),(60,'宽恕披风','',''),(61,'影月徽记','',''),(62,'棱光聚焦魔杖','',''),(63,'神圣惩戒护腿','',''),(64,'稳固腰带','',''),(65,'节制长袍','',''),(66,'血咒护肩','',''),(67,'迅疾突袭外套','',''),(68,'仁慈兜帽','',''),(69,'先祖指引图腾','',''),(70,'坚韧卫士火枪','',''),(71,'强制护手','',''),(72,'影月毁灭者斗篷','',''),(73,'暗影议会长袍','',''),(74,'植物学者的生长手套','',''),(75,'洛丹伦亡者腰带','',''),(76,'萨拉克的扭曲飞刀','',''),(77,'裂魂','',''),(78,'追踪软靴','',''),(79,'阴险护腕','',''),(80,'不灭信仰手套','',''),(81,'军团恐怖战靴','',''),(82,'命运皇冠','',''),(83,'波浪治愈护肩','',''),(84,'泰坦坠饰','',''),(85,'灵感之触','',''),(86,'纳鲁生命魔杖','',''),(87,'自然护卫者之靴','',''),(88,'艾露恩神力护腕','',''),(89,'诅咒之握','',''),(90,'诅咒火炬','',''),(91,'透明魔线项链','',''),(92,'骨纹束带','',''),(93,'光明使者宝典','',''),(94,'崩坏护腿','',''),(95,'暗影主宰之靴','',''),(96,'纳蒂娜的纯洁坠饰','',''),(97,'裂心胸铠','',''),(98,'遗忘保卫者的护肩','',''),(99,'遗忘征服者的护肩','',''),(100,'遗忘胜利者的护肩','',''),(101,'野蛮之刃','',''),(102,'遗忘保卫者的护腿','',''),(103,'遗忘征服者的护腿','',''),(104,'遗忘胜利者的护腿','',''),(105,'埃辛诺斯战刃','',''),(106,'上层精灵斗篷','',''),(107,'伊利达雷大领主兜帽','',''),(108,'卡拉波水晶之塔','',''),(109,'古尔丹之颅','',''),(110,'图样：迅捷治疗护腕','',''),(111,'埃辛诺斯壁垒','',''),(112,'埃辛诺斯碎片','',''),(113,'怒风徽记之戒','',''),(114,'扎尔杜姆，吞噬者的法杖','',''),(115,'泰兰德的记忆','',''),(116,'背叛者的黑暗之弓','',''),(117,'萨格拉斯的诅咒视界','',''),(118,'遗忘保卫者的胸甲','',''),(119,'遗忘征服者的胸甲','',''),(120,'遗忘胜利者的胸甲','',''),(121,'铁壁面甲','',''),(122,'嚎风护腕','',''),(123,'回春护腕','',''),(124,'图鉴：巨型狮眼石','',''),(125,'图鉴：狡诈影歌紫玉','',''),(126,'图鉴：秘法狮眼石','',''),(127,'图鉴：统御影歌紫玉','',''),(128,'图鉴：铭文焚石','',''),(129,'图鉴：闪光赤尖石','',''),(130,'图鉴：隐秘焚石','',''),(131,'图鉴：风暴天蓝宝石','',''),(132,'寻路者护腕','',''),(133,'崩坏腕甲','',''),(134,'染血肩铠','',''),(135,'止水长靴','',''),(136,'殉难护腕','',''),(137,'狂暴镣铐','',''),(138,'神圣精金护腕','',''),(139,'致命腕甲','',''),(140,'追踪匕首','',''),(141,'黑暗秘密编年史','',''),(142,'时光护符匣','',''),(143,'不败的意志','',''),(144,'圣光壁垒','',''),(145,'大主教的便鞋','',''),(146,'安纳塞隆的束缚','',''),(147,'怨怒护肩','',''),(148,'恶行之刃','',''),(149,'狂野之柱','',''),(150,'疾步长靴','',''),(151,'金色治疗胸甲','',''),(152,'闪光的钢铁护肩','',''),(153,'阿加多的腰带','',''),(154,'魔化皮质便鞋','',''),(155,'元素导能护腿','',''),(156,'刀锋怒火护肩','',''),(157,'卡兹洛加之心','',''),(158,'安格莉丝塔的腰带','',''),(159,'峡谷猎手腰带','',''),(160,'新月腰带','',''),(161,'沸腾怒火腰带','',''),(162,'蓝色山羊皮软靴','',''),(163,'赎罪之锤','',''),(164,'阳炎锁链护腿','',''),(165,'驯兽者护肩','',''),(166,'黑羽之靴','',''),(167,'希望束带','',''),(168,'弯弓护腿','',''),(169,'无尽的痛苦','',''),(170,'秘密商人长裤','',''),(171,'罗德里格的雨衣','',''),(172,'遗忘保卫者的手套','',''),(173,'遗忘征服者的手套','',''),(174,'遗忘胜利者的手套','',''),(175,'防御者的荣耀','',''),(176,'净化节杖','',''),(177,'午夜胸甲','',''),(178,'安东尼达斯的专注纹章盾','',''),(179,'救世胸铠','',''),(180,'无尽怒气腿甲','',''),(181,'永恒护腿','',''),(182,'混乱风暴','',''),(183,'灾变之刃','',''),(184,'狂热追击锁甲','',''),(185,'罗宁之袍','',''),(186,'遗忘保卫者的头盔','',''),(187,'遗忘征服者的头盔','',''),(188,'遗忘胜利者的头盔','',''),(189,'闪击强弓','',''),(190,'阿古斯的使徒','','');
/*!40000 ALTER TABLE `equipment` ENABLE KEYS */;
UNLOCK TABLES;

--
-- Table structure for table `equipment_dropping`
--

DROP TABLE IF EXISTS `equipment_dropping`;
/*!40101 SET @saved_cs_client     = @@character_set_client */;
/*!40101 SET character_set_client = utf8 */;
CREATE TABLE `equipment_dropping` (
  `id` int(10) unsigned NOT NULL AUTO_INCREMENT,
  `boss_id` int(10) unsigned NOT NULL,
  `equipment_id` int(10) unsigned NOT NULL,
  `chance` double NOT NULL,
  PRIMARY KEY (`id`)
) ENGINE=MyISAM AUTO_INCREMENT=294 DEFAULT CHARSET=utf8;
/*!40101 SET character_set_client = @saved_cs_client */;

--
-- Dumping data for table `equipment_dropping`
--

LOCK TABLES `equipment_dropping` WRITE;
/*!40000 ALTER TABLE `equipment_dropping` DISABLE KEYS */;
INSERT INTO `equipment_dropping` VALUES (1,1,1,67.1),(2,1,2,15.4),(3,1,3,1.8),(4,1,4,0.1),(5,1,5,2),(6,1,6,1.8),(7,1,7,1.7),(8,1,8,1.6),(9,1,9,1.7),(10,1,10,15.6),(11,1,11,16.1),(12,1,12,6),(13,1,13,15.6),(14,1,14,15.7),(15,1,15,9.8),(16,1,16,16.3),(17,1,17,9.8),(18,1,18,16),(19,1,19,1.8),(20,1,20,1.8),(21,1,21,0.1),(22,1,22,6.8),(23,1,23,15.9),(24,1,24,15.7),(25,1,25,14.7),(26,2,1,71.3),(27,2,26,15.9),(28,2,3,2),(29,2,4,0.2),(30,2,27,0.1),(31,2,5,1.7),(32,2,28,0.1),(33,2,6,1.9),(34,2,7,1.4),(35,2,8,1.6),(36,2,9,2),(37,2,29,16.5),(38,2,30,15.6),(39,2,31,15),(40,2,32,16.1),(41,2,33,14.3),(42,2,34,15.4),(43,2,35,15.4),(44,2,36,16.5),(45,2,37,9.4),(46,2,38,14.1),(47,2,19,1.7),(48,2,20,1.4),(49,2,39,6.3),(50,2,40,15.3),(51,3,41,14.2),(52,3,42,15.9),(53,3,1,67.2),(54,3,3,1.8),(55,3,5,1.5),(56,3,6,1.5),(57,3,7,1.6),(58,3,8,1.7),(59,3,9,1.5),(60,3,43,14.6),(61,3,44,8.1),(62,3,45,16.3),(63,3,46,15.8),(64,3,47,15.1),(65,3,48,14.9),(66,3,49,8.1),(67,3,50,14.7),(68,3,51,16.6),(69,3,52,15.3),(70,3,19,1.7),(71,3,20,1.6),(72,3,53,5.4),(73,3,54,16),(74,4,1,62.5),(75,4,55,15.1),(76,4,56,14),(77,4,57,16.2),(78,4,3,2.4),(79,4,5,1.7),(80,4,6,1.4),(81,4,7,1.3),(82,4,8,2.1),(83,4,9,1.5),(84,4,58,8.3),(85,4,59,14.9),(86,4,60,15.6),(87,4,61,15.2),(88,4,62,14.5),(89,4,63,14.5),(90,4,64,15.2),(91,4,65,14.4),(92,4,66,14.6),(93,4,19,1.8),(94,4,20,1.5),(95,4,67,16.3),(96,5,68,17.5),(97,5,69,13),(98,5,1,66.2),(99,5,3,1.9),(100,5,5,1.8),(101,5,6,1.7),(102,5,7,1.8),(103,5,8,1.6),(104,5,9,1.3),(105,5,70,14.8),(106,5,71,15.1),(107,5,72,16.4),(108,5,73,14.5),(109,5,74,16.9),(110,5,75,18.4),(111,5,76,10.8),(112,5,77,18),(113,5,19,1.8),(114,5,20,1.7),(115,5,78,15.9),(116,5,79,16.4),(117,6,80,16.3),(118,6,1,63),(119,6,81,16.7),(120,6,82,16),(121,6,3,1.7),(122,6,5,1.9),(123,6,6,1.6),(124,6,7,1.7),(125,6,8,1.2),(126,6,9,1.8),(127,6,83,17.2),(128,6,84,15.3),(129,6,85,15.9),(130,6,86,14.6),(131,6,87,8.6),(132,6,88,8.3),(133,6,19,2),(134,6,20,1.6),(135,6,89,15.6),(136,6,90,16.6),(137,6,91,16),(138,6,92,15.8),(139,7,93,14.4),(140,7,1,59.5),(141,7,3,1.5),(142,7,4,0.1),(143,7,5,2.4),(144,7,6,1.7),(145,7,7,1.4),(146,7,8,2.1),(147,7,9,1.3),(148,7,94,15.8),(149,7,95,14.9),(150,7,96,14.6),(151,7,97,14.5),(152,7,19,2.1),(153,7,20,1.5),(154,7,98,76.4),(155,7,99,73.3),(156,7,100,74.8),(157,7,101,14.6),(158,8,102,32.5),(159,8,103,32.9),(160,8,104,34.8),(161,9,105,4.5),(162,9,105,4.1),(163,9,106,15.9),(164,9,107,14.7),(165,9,1,50.5),(166,9,108,15.8),(167,9,109,15.4),(168,9,3,2.7),(169,9,5,2.5),(170,9,6,2.2),(171,9,7,1.7),(172,9,110,0.1),(173,9,8,2.9),(174,9,9,1.8),(175,9,111,14),(176,9,112,16.1),(177,9,113,14.9),(178,9,114,14),(179,9,115,15),(180,9,116,15.2),(181,9,117,14.8),(182,9,19,2.4),(183,9,20,2),(184,9,118,74.4),(185,9,119,73.9),(186,9,120,74.6),(187,9,121,13.6),(188,10,1,67.5),(189,10,122,13.9),(190,10,123,16.7),(191,10,124,2.2),(192,10,125,2.1),(193,10,126,2.4),(194,10,127,2.4),(195,10,128,2.3),(196,10,129,2.3),(197,10,130,1.8),(198,10,131,2.2),(199,10,132,14.6),(200,10,133,16.2),(201,10,134,15.2),(202,10,135,13.2),(203,10,136,16.7),(204,10,137,16.1),(205,10,138,15.3),(206,10,139,15.4),(207,10,140,14.3),(208,10,141,15.7),(209,10,142,8),(210,11,143,15.1),(211,11,1,67.8),(212,11,124,2.2),(213,11,125,2.1),(214,11,126,2.6),(215,11,127,2.5),(216,11,128,2.2),(217,11,129,2.4),(218,11,130,2.3),(219,11,131,2.7),(220,11,144,15.1),(221,11,145,16.4),(222,11,146,15.4),(223,11,147,16.6),(224,11,148,15.6),(225,11,149,15.5),(226,11,150,15.9),(227,11,151,15.8),(228,11,152,16),(229,11,153,15.6),(230,11,154,15.4),(231,12,155,16.5),(232,12,1,64.6),(233,12,156,17.2),(234,12,157,15.5),(235,12,124,2.4),(236,12,125,2.3),(237,12,126,2.3),(238,12,127,1.9),(239,12,128,2.5),(240,12,129,2.5),(241,12,130,2.2),(242,12,131,2.2),(243,12,158,15.6),(244,12,159,15.6),(245,12,160,9),(246,12,161,16.4),(247,12,162,16.8),(248,12,163,17.6),(249,12,164,15.1),(250,12,165,15.6),(251,12,166,14.8),(252,13,1,63.4),(253,13,124,2.1),(254,13,125,2.6),(255,13,126,2.4),(256,13,127,2.1),(257,13,128,2.1),(258,13,129,2.3),(259,13,130,2.1),(260,13,131,2.1),(261,13,167,15.5),(262,13,168,14.7),(263,13,169,15.5),(264,13,170,15.8),(265,13,171,14.8),(266,13,172,72.1),(267,13,173,72.4),(268,13,174,72.6),(269,13,175,14.8),(270,14,1,54.2),(271,14,176,15.1),(272,14,177,14.1),(273,14,124,3.5),(274,14,125,4),(275,14,126,3.5),(276,14,127,3.7),(277,14,128,3.2),(278,14,129,3.8),(279,14,130,3.5),(280,14,131,3.6),(281,14,178,15.4),(282,14,179,14.6),(283,14,180,14.6),(284,14,181,14.6),(285,14,182,13.9),(286,14,183,15.1),(287,14,184,13.9),(288,14,185,15.6),(289,14,186,70.6),(290,14,187,68.8),(291,14,188,71.9),(292,14,189,15.2),(293,14,190,14.8);
/*!40000 ALTER TABLE `equipment_dropping` ENABLE KEYS */;
UNLOCK TABLES;

--
-- Table structure for table `undercity`
--

DROP TABLE IF EXISTS `undercity`;
/*!40101 SET @saved_cs_client     = @@character_set_client */;
/*!40101 SET character_set_client = utf8 */;
CREATE TABLE `undercity` (
  `id` int(10) unsigned NOT NULL AUTO_INCREMENT,
  `uc_name` varchar(128) NOT NULL,
  `uc_description` text NOT NULL,
  PRIMARY KEY (`id`)
) ENGINE=MyISAM AUTO_INCREMENT=3 DEFAULT CHARSET=utf8;
/*!40101 SET character_set_client = @saved_cs_client */;

--
-- Dumping data for table `undercity`
--

LOCK TABLES `undercity` WRITE;
/*!40000 ALTER TABLE `undercity` DISABLE KEYS */;
INSERT INTO `undercity` VALUES (1,'黑暗神殿',''),(2,'海加尔峰','');
/*!40000 ALTER TABLE `undercity` ENABLE KEYS */;
UNLOCK TABLES;
/*!40103 SET TIME_ZONE=@OLD_TIME_ZONE */;

/*!40101 SET SQL_MODE=@OLD_SQL_MODE */;
/*!40014 SET FOREIGN_KEY_CHECKS=@OLD_FOREIGN_KEY_CHECKS */;
/*!40014 SET UNIQUE_CHECKS=@OLD_UNIQUE_CHECKS */;
/*!40101 SET CHARACTER_SET_CLIENT=@OLD_CHARACTER_SET_CLIENT */;
/*!40101 SET CHARACTER_SET_RESULTS=@OLD_CHARACTER_SET_RESULTS */;
/*!40101 SET COLLATION_CONNECTION=@OLD_COLLATION_CONNECTION */;
/*!40111 SET SQL_NOTES=@OLD_SQL_NOTES */;

-- Dump completed on 2011-01-31 13:35:14
